topology,seed,riskS_mean,belief_var_mean,gini_mean,abs_ret_mean,stable_hit,time_to_stability
random_fixed,0,5.823290411238345,0.0006915107864314099,0.27293811922792527,0.0019588429612856094,1,29
random_fixed,1,4.4630585482168454,0.0006852077287312208,0.2443293711736008,0.0017494547811264278,1,29
random_fixed,10,5.819798423879281,0.0007101388548009288,0.2517792573534035,0.002103830408705458,1,29
random_fixed,11,6.660509346428728,0.0007005984993746156,0.279010354613495,0.002247099513813894,1,29
random_fixed,12,8.568033238646494,0.000695647640846847,0.255822418025741,0.002511944990921647,1,29
random_fixed,13,16.891549171973008,0.0007021496857058414,0.2726297469770853,0.003474561139904208,1,29
random_fixed,14,2.692150826606992,0.0006927642960805408,0.23221829042770623,0.0013768218315832453,1,29
random_fixed,15,8.866776071560693,0.0006970226397793343,0.2524948213759508,0.0026348121374834984,1,29
random_fixed,16,5.142103826000669,0.0006882397615534652,0.2471006060172556,0.001868805288245733,1,29
random_fixed,17,56.82843520689694,0.0007023861235680423,0.2371292323742996,0.006046894916937165,1,29
random_fixed,18,5.828948704812351,0.0006978199968466714,0.2502015732262529,0.0020761122056020625,1,29
random_fixed,19,8.358237873135534,0.000686451919610559,0.23464826032299246,0.002173844341300751,1,29
random_fixed,2,7.398066055928639,0.0006942793413118966,0.23917109911149276,0.0024876107071306656,1,29
random_fixed,3,6.077670968425509,0.0006984238192797096,0.26161359042669374,0.0019645425166669346,1,29
random_fixed,4,19.81763252094013,0.000696869106409235,0.24632621016690004,0.0038238549212314134,1,29
random_fixed,5,5.988504858743668,0.0006915523876400228,0.26575892803841494,0.0020222339376505193,1,29
random_fixed,6,5.989982933189984,0.0007029766307887048,0.25955038184220763,0.0022176037028042027,1,29
random_fixed,7,26.871161461010782,0.0007053603526154084,0.2639462570919205,0.004596253414880397,1,29
random_fixed,8,27.308954237723277,0.0006905178274954157,0.26043602630792695,0.004529733735616021,1,29
random_fixed,9,9.611260195913772,0.0007013650940654126,0.24177423718465982,0.002532739397778932,1,29
scale_free_extreme,0,5.80160608193425,0.0006801123940267331,0.6825189138194137,0.00196115304600867,1,29
scale_free_extreme,1,4.533963005601355,0.0006774871401054174,0.6956051998437038,0.0017579379597572797,1,29
scale_free_extreme,10,5.881493248399957,0.0006917800918040909,0.6795693309404534,0.0021244879845995985,1,29
scale_free_extreme,11,6.906696144827008,0.000687574455335984,0.6376091122014662,0.002282965288409709,1,29
scale_free_extreme,12,8.821481046721994,0.0006806979296183549,0.7058207974216373,0.0025356040613835973,1,29
scale_free_extreme,13,18.070800701523023,0.0006937284906860689,0.5582675108704559,0.003592256160176796,1,29
scale_free_extreme,14,2.7622479339180233,0.0006850522120229809,0.6735746681520076,0.001403196253089059,1,29
scale_free_extreme,15,8.6060731032516,0.0006807424296965747,0.6517399534621174,0.0025942646388949163,1,29
scale_free_extreme,16,5.217891047744635,0.0006785898188338304,0.7090383510720787,0.001871214015523417,1,29
scale_free_extreme,17,58.93016005460529,0.0006963058339722785,0.7026066427431183,0.006150239544590038,1,29
scale_free_extreme,18,6.051135382936861,0.0006894090121923101,0.6874173714760536,0.002112610943776225,1,29
scale_free_extreme,19,8.348530456804808,0.0006800331507688567,0.7003917657361936,0.002173753239706389,1,29
scale_free_extreme,2,7.072348712643161,0.0006935004204808085,0.6672956899528869,0.002425943840786739,1,29
scale_free_extreme,3,6.247403747813289,0.0006941642418166436,0.612782019698737,0.001993377042268662,1,29
scale_free_extreme,4,19.82401622942374,0.0006778979486502564,0.6997167097829439,0.003816721350870748,1,29
scale_free_extreme,5,6.02256297841637,0.0006796189971085856,0.7298080139570124,0.002039610340426203,1,29
scale_free_extreme,6,6.096722940196664,0.0006880562312817199,0.6777593666560034,0.002242591886983917,1,29
scale_free_extreme,7,26.54066345128935,0.000694408150371117,0.6324598658780847,0.0045537616598676535,1,29
scale_free_extreme,8,27.003048932029106,0.0006833441760724171,0.6343673600702698,0.004496598353199862,1,29
scale_free_extreme,9,9.579835910810987,0.0006972035987475164,0.6450837303823519,0.0025275845976587773,1,29
small_world_clustered,0,5.732731018049654,0.000729748193096021,0.13952521089251352,0.0019409535390847513,1,29
small_world_clustered,1,4.434912769839366,0.0007127075522841012,0.12828718441976278,0.001740718125954164,1,29
small_world_clustered,10,5.674735942678762,0.0007332142005193714,0.14644002854221622,0.0020714871660825617,1,29
small_world_clustered,11,6.494674781681426,0.00072203448659372,0.13643637912107082,0.0022183760194503686,1,29
small_world_clustered,12,8.638051559740441,0.0007184177590787474,0.16243274430552757,0.0025189492913949897,1,29
small_world_clustered,13,17.184893085542303,0.0007078871652864804,0.13574765015804907,0.0035077123369149387,1,29
small_world_clustered,14,2.6557518913974394,0.000716224595101779,0.13797035684923248,0.0013649817894116631,1,29
small_world_clustered,15,8.802586964487157,0.000711452551780807,0.12941765168774438,0.0026251463414948117,1,29
small_world_clustered,16,5.122274832166556,0.0007172653068883522,0.16486991159790776,0.001862358759623657,1,29
small_world_clustered,17,55.76203572454913,0.0007418343289359045,0.14180260920507703,0.005993560388196984,1,29
small_world_clustered,18,5.824400775046231,0.0007123773036537709,0.14853662418314673,0.0020742874182679686,1,29
small_world_clustered,19,8.341471234800899,0.0007130692830646052,0.14274812318530156,0.0021724115415720936,1,29
small_world_clustered,2,7.302411377975209,0.0007132967810369239,0.12752852791364044,0.0024746651425805303,1,29
small_world_clustered,3,5.954174106363557,0.0007236340367000424,0.12750619725858026,0.0019472411531569758,1,29
small_world_clustered,4,19.78326434925145,0.0007234333574169352,0.154906911227417,0.003818230832725525,1,29
small_world_clustered,5,5.972540948251346,0.0007133135792619505,0.1501817017407845,0.0020151735602585556,1,29
small_world_clustered,6,6.049933148542968,0.0007126108354850665,0.14188566541589265,0.002225501916531361,1,29
small_world_clustered,7,27.154261190488484,0.0007154641260481933,0.131579431451938,0.004616679555762447,1,29
small_world_clustered,8,27.334763732999136,0.0007097081720021763,0.1481802533028267,0.004529300218426453,1,29
small_world_clustered,9,9.56210062499041,0.0007275777434547141,0.15585839856657874,0.0025282986653558364,1,29
