topology,seed,riskS_mean_baseline,belief_var_mean_baseline,gini_mean_baseline,abs_ret_mean_baseline,stable_hit_baseline,time_to_stability_baseline,riskS_mean_policy,belief_var_mean_policy,gini_mean_policy,abs_ret_mean_policy,dP_mean,gate_mean,stable_hit_policy,time_to_stability_policy,delta_riskS_mean,delta_belief_var_mean,delta_abs_ret_mean,delta_gini_mean
random_fixed,0,5.823290411238345,0.0006915107864314,0.2729381192279252,0.0019588429612856,1,29,11.058552874208756,0.0006671989148745119,0.22599375774035887,0.0028751644917840023,0.0045617457851237055,0.29376049517584224,1,29,5.235262462970411,-2.4311871556888134e-05,0.0009163215304984025,-0.04694436148756634
random_fixed,1,4.463058548216845,0.0006852077287312,0.2443293711736008,0.0017494547811264,1,29,7.703217478683398,0.0006717023274794249,0.22371101818134648,0.0023002061561168295,0.004565663300504441,0.36787818193571653,1,29,3.2401589304665537,-1.3505401251775106e-05,0.0005507513749904295,-0.020618352992254313
random_fixed,10,5.819798423879281,0.0007101388548009,0.2517792573534035,0.0021038304087054,1,29,4.736989996054505,0.0006837861566990852,0.22557562613359405,0.0018768720322465474,0.004577446159297224,0.40731115219547626,1,29,-1.0828084278247756,-2.6352698101814848e-05,-0.00022695837645885257,-0.026203631219809453
random_fixed,11,6.660509346428728,0.0007005984993746,0.279010354613495,0.0022470995138138,1,29,3.8715939671794604,0.0006862875087595683,0.22856315026601182,0.0017511529691991007,0.004561818994589149,0.43336231823851196,1,29,-2.7889153792492674,-1.4310990615031753e-05,-0.0004959465446146992,-0.05044720434748318
random_fixed,12,8.568033238646494,0.0006956476408468,0.255822418025741,0.0025119449909216,1,29,14.417578696066322,0.0006687647752469613,0.2247980406419983,0.003161084209417252,0.0045674288473219185,0.40178799660436115,1,29,5.849545457419827,-2.688286559983865e-05,0.0006491392184956521,-0.031024377383742724
random_fixed,13,16.891549171973008,0.0007021496857058,0.2726297469770853,0.0034745611399042,1,29,5.0086374286603625,0.0006878529705872641,0.2258649030872234,0.0018921003285798982,0.004562384312722223,0.39897496083708944,1,29,-11.882911743312645,-1.4296715118535907e-05,-0.0015824608113243017,-0.04676484388986191
random_fixed,14,2.692150826606992,0.0006927642960805,0.2322182904277062,0.0013768218315832,1,29,5.066393016648898,0.0006769586638155128,0.22833762446368944,0.0019640841443675154,0.004551257068694568,0.3979595360620229,1,29,2.374242190041906,-1.580563226498714e-05,0.0005872623127843154,-0.0038806659640167607
random_fixed,15,8.866776071560693,0.0006970226397793,0.2524948213759508,0.0026348121374834,1,29,5.735480322967089,0.0006752514479639275,0.22472714880887587,0.001971346344267235,0.0045603876695498105,0.39517755938476357,1,29,-3.1312957485936037,-2.177119181537247e-05,-0.0006634657932161649,-0.027767672567074936
random_fixed,16,5.142103826000669,0.0006882397615534,0.2471006060172556,0.0018688052882457,1,29,3.2132952899773644,0.0006689932114234651,0.22456922632522555,0.00155776718611707,0.004554432344659509,0.45309606940160374,1,29,-1.928808536023305,-1.9246550129934877e-05,-0.00031103810212863,-0.022531379692030035
random_fixed,17,56.82843520689694,0.000702386123568,0.2371292323742996,0.0060468949169371,1,29,5.112788028303529,0.0006741089623797371,0.22767895915468855,0.0019846567829438122,0.004575066319478879,0.3960694647935181,1,121,-51.715647178593414,-2.827716118826288e-05,-0.004062238133993288,-0.009450273219611033
random_fixed,18,5.828948704812351,0.0006978199968466,0.2502015732262529,0.002076112205602,1,29,7.220810440944689,0.0006648997746263401,0.22591723320700463,0.002287065504450643,0.0045607115920766475,0.3614005663521398,1,29,1.3918617361323378,-3.2920222220259856e-05,0.00021095329884864315,-0.024284340019248285
random_fixed,19,8.358237873135534,0.0006864519196105,0.2346482603229924,0.0021738443413007,1,29,3.453576536764816,0.0006785258254795684,0.22598909283738053,0.001626584147668986,0.004569924148216007,0.44600999313917705,1,29,-4.904661336370719,-7.92609413093157e-06,-0.0005472601936317139,-0.00865916748561188
random_fixed,2,7.398066055928639,0.0006942793413118,0.2391710991114927,0.0024876107071306,1,29,29.07055909780174,0.0006776923110791487,0.22640435228057015,0.0049068208297327895,0.004557110827314314,0.2825071217182198,1,29,21.672493041873103,-1.6587030232651325e-05,0.0024192101226021894,-0.012766746830922548
random_fixed,3,6.077670968425509,0.0006984238192797,0.2616135904266937,0.0019645425166669,1,29,21.11632964666294,0.0006846259938922225,0.2306712115470101,0.0037792106922228588,0.004573436536936395,0.28627425404080636,1,29,15.038658678237432,-1.3797825387477404e-05,0.0018146681755559588,-0.030942378879683596
random_fixed,4,19.81763252094013,0.0006968691064092,0.2463262101669,0.0038238549212314,1,29,6.5278011042237765,0.0006779401624269245,0.22600290575209606,0.0022451743346752514,0.004562112388538896,0.36335535051468154,1,29,-13.289831416716353,-1.8928943982275573e-05,-0.0015786805865561485,-0.020323304414803955
random_fixed,5,5.988504858743668,0.00069155238764,0.2657589280384149,0.0020222339376505,1,29,5.16562813192908,0.0006727330292488428,0.22568136160049002,0.0020305624843879656,0.004563513892173283,0.39515827144933185,1,29,-0.822876726814588,-1.8819358391157135e-05,8.328546737465786e-06,-0.04007756643792487
random_fixed,6,5.989982933189984,0.0007029766307887,0.2595503818422076,0.0022176037028042,1,29,13.532649632686478,0.0006794306626515417,0.22350284331470413,0.0031717483962166258,0.004562927835320511,0.2670188564622875,0,-1,7.542666699496494,-2.3545968137158365e-05,0.0009541446934124257,-0.03604753852750345
random_fixed,7,26.871161461010782,0.0007053603526154,0.2639462570919205,0.0045962534148803,1,29,24.679833218779468,0.0006805588044815173,0.22836313029699212,0.004311532279227435,0.0045674909612551055,0.28673129022557853,1,29,-2.1913282422313145,-2.480154813388276e-05,-0.00028472113565286474,-0.035583126794928366
random_fixed,8,27.30895423772328,0.0006905178274954,0.2604360263079269,0.004529733735616,1,29,5.363222181393407,0.0006683804658783896,0.23057511178719217,0.002108364586893929,0.004562255554994188,0.4078373906122147,1,29,-21.945732056329874,-2.2137361617010406e-05,-0.0024213691487220707,-0.02986091452073472
random_fixed,9,9.611260195913772,0.0007013650940654,0.2417742371846598,0.0025327393977789,1,29,3.604640609633792,0.0006832002905531334,0.22562439150648472,0.0015981850950501245,0.004576334010695977,0.4412981261114453,1,29,-6.00661958627998,-1.816480351226658e-05,-0.0009345543027287756,-0.016149845678175068
scale_free_extreme,0,5.80160608193425,0.0006801123940267,0.6825189138194137,0.0019611530460086,1,29,8.288380788913187,0.0006620872508136141,0.22967406454775252,0.002434015401974857,0.0045652809710584,0.332636579405948,1,29,2.486774706978937,-1.8025143213085885e-05,0.000472862355966257,-0.45284484927166113
scale_free_extreme,1,4.533963005601355,0.0006774871401054,0.6956051998437038,0.0017579379597572,1,29,7.115597905410668,0.0006665862241003775,0.23118334624805612,0.002346538701437841,0.004556933901870837,0.35443033033777654,1,29,2.5816348998093135,-1.0900916005022478e-05,0.000588600741680641,-0.4644218535956477
scale_free_extreme,10,5.881493248399957,0.000691780091804,0.6795693309404534,0.0021244879845995,1,29,9.196416935334316,0.0006827981045430711,0.22995620517843218,0.00259601265269188,0.004572076831983514,0.32823397109224955,1,29,3.3149236869343586,-8.981987260928853e-06,0.0004715246680923801,-0.44961312576202117
scale_free_extreme,11,6.906696144827008,0.0006875744553359,0.6376091122014662,0.0022829652884097,1,29,32.23374675938446,0.0006786796447942034,0.2343646451525281,0.004911019707696012,0.00456115307054781,0.2844165848010915,1,29,25.32705061455745,-8.894810541696546e-06,0.002628054419286312,-0.4032444670489381
scale_free_extreme,12,8.821481046721994,0.0006806979296183,0.7058207974216373,0.0025356040613835,1,29,4.727748153853468,0.0006625681637784201,0.2298572651761136,0.0018064891739284416,0.004563867300623997,0.40921150522081023,1,29,-4.093732892868526,-1.8129765839879877e-05,-0.0007291148874550585,-0.4759635322455237
scale_free_extreme,13,18.070800701523023,0.000693728490686,0.5582675108704559,0.0035922561601767,1,29,4.701427049514789,0.0006861670131286305,0.22861376055255722,0.0018044431494088095,0.0045692882081432564,0.4083095982065542,1,29,-13.369373652008234,-7.561477557369522e-06,-0.0017878130107678903,-0.3296537503178987
scale_free_extreme,14,2.7622479339180237,0.0006850522120229,0.6735746681520076,0.001403196253089,1,29,5.716499394548485,0.000673811668785673,0.23465601147690987,0.0020657265852867825,0.0045660564995057195,0.38237427444854866,1,29,2.9542514606304615,-1.1240543237227047e-05,0.0006625303321977825,-0.4389186566750978
scale_free_extreme,15,8.6060731032516,0.0006807424296965,0.6517399534621174,0.0025942646388949,1,29,11.630951230081774,0.0006779673646015039,0.2311766973349529,0.002946165378796845,0.004561891423456379,0.356407399896553,1,29,3.024878126830174,-2.775065094996125e-06,0.0003519007399019453,-0.4205632561271645
scale_free_extreme,16,5.217891047744635,0.0006785898188338,0.7090383510720787,0.0018712140155234,1,29,5.250697501275916,0.0006716507784617392,0.2323245679300774,0.002087548224824364,0.004571834264260708,0.41181995272873,1,29,0.032806453531280866,-6.939040372060806e-06,0.00021633420930096381,-0.4767137831420013
scale_free_extreme,17,58.93016005460529,0.0006963058339722,0.7026066427431183,0.00615023954459,1,29,7.666204117038985,0.0006766995633548373,0.23473505699263206,0.0024495263094964524,0.004560335394702743,0.33842540494600937,1,29,-51.2639559375663,-1.960627061736275e-05,-0.0037007132350935475,-0.46787158575048626
scale_free_extreme,18,6.051135382936861,0.0006894090121923,0.6874173714760536,0.0021126109437762,1,29,4.281568846908977,0.0006654879553736913,0.2292737067267938,0.0017261758820993288,0.0045531568204834685,0.42089662762915714,1,29,-1.7695665360278845,-2.3921056818608727e-05,-0.00038643506167687115,-0.4581436647492598
scale_free_extreme,19,8.348530456804808,0.0006800331507688,0.7003917657361936,0.0021737532397063,1,29,5.213983893193947,0.0006781594621930091,0.23322104290504556,0.0019306441168351035,0.0045633390947744205,0.39301151808477486,1,29,-3.1345465636108605,-1.873688575790896e-06,-0.00024310912287119654,-0.467170722831148
scale_free_extreme,2,7.072348712643161,0.0006935004204808,0.6672956899528869,0.0024259438407867,1,29,6.839387707545564,0.0006806674477427153,0.2330736179994209,0.002200432537998887,0.004566583876951379,0.35699350249442546,1,29,-0.23296100509759743,-1.283297273808469e-05,-0.0002255113027878129,-0.434222071953466
scale_free_extreme,3,6.247403747813289,0.0006941642418166,0.612782019698737,0.0019933770422686,1,29,5.002737018625288,0.0006852860347848376,0.23325027003791063,0.0018580395784057926,0.004562274473510346,0.39929854079969096,1,29,-1.2446667291880011,-8.878207031762426e-06,-0.00013533746386280724,-0.37953174966082637
scale_free_extreme,4,19.82401622942374,0.0006778979486502,0.6997167097829439,0.0038167213508707,1,29,3.889852330122503,0.0006716171366817644,0.23121520887229663,0.0017008353192195472,0.004569070596240067,0.43285639139371007,1,29,-15.934163899301238,-6.280811968435523e-06,-0.002115886031651153,-0.46850150091064724
scale_free_extreme,5,6.02256297841637,0.0006796189971085,0.7298080139570124,0.0020396103404262,1,29,5.21627232207997,0.0006683110572944295,0.23290189704947245,0.002021399351533714,0.004575203622256476,0.4006917476113632,1,176,-0.8062906563364001,-1.1307939814070539e-05,-1.8210988892485968e-05,-0.49690611690754
scale_free_extreme,6,6.096722940196664,0.0006880562312817,0.6777593666560034,0.0022425918869839,1,29,42.29613616722087,0.0006702979682928068,0.22671873687487662,0.005330324019290091,0.004565019587462411,0.29008778638561283,1,29,36.19941322702421,-1.7758262988893238e-05,0.0030877321323061913,-0.4510406297811268
scale_free_extreme,7,26.54066345128935,0.0006944081503711,0.6324598658780847,0.0045537616598676,1,29,3.433791498378876,0.000676208376117228,0.2350216337401525,0.0016130210585823485,0.0045668917523681305,0.4467482729330463,1,29,-23.106871952910474,-1.8199774253871946e-05,-0.0029407406012852515,-0.39743823213793217
scale_free_extreme,8,27.003048932029103,0.0006833441760724,0.6343673600702698,0.0044965983531998,1,29,4.882855616766495,0.0006650929204228218,0.23172776908422152,0.0019512065867384725,0.004573104459717665,0.4029771147477453,1,29,-22.120193315262608,-1.8251255649578274e-05,-0.0025453917664613277,-0.4026395909860483
scale_free_extreme,9,9.579835910810989,0.0006972035987475,0.6450837303823519,0.0025275845976587,1,29,5.820705624226084,0.0006766265755153994,0.23089818204645587,0.0021399790055876035,0.004562489998611477,0.37780588479005656,1,29,-3.759130286584904,-2.0577023232100627e-05,-0.00038760559207109664,-0.41418554833589605
small_world_clustered,0,5.732731018049654,0.000729748193096,0.1395252108925135,0.0019409535390847,1,29,4.486240299695614,0.0006883373612999494,0.22702857034449955,0.0018475310437139,0.004550876439193479,0.4160410137176438,1,29,-1.24649071835404,-4.141083179605063e-05,-9.342249537080006e-05,0.08750335945198606
small_world_clustered,1,4.434912769839366,0.0007127075522841,0.1282871844197627,0.0017407181259541,1,29,5.114727701595396,0.0006734904605170335,0.22333210543025678,0.0020436206884420324,0.004567099305825464,0.39629230019259054,1,29,0.67981493175603,-3.921709176706652e-05,0.0003029025624879324,0.09504492101049408
small_world_clustered,10,5.674735942678762,0.0007332142005193,0.1464400285422162,0.0020714871660825,1,29,22.025537715267696,0.0006847500897537732,0.22524065660678752,0.0037843589451851335,0.004561026167147052,0.28999882882044054,1,29,16.350801772588934,-4.846411076552676e-05,0.0017128717791026335,0.07880062806457133
small_world_clustered,11,6.494674781681426,0.0007220344865937,0.1364363791210708,0.0022183760194503,1,29,8.048531144055465,0.0006832898005342517,0.22795415265568983,0.0024441479426416004,0.004556231763041903,0.3303606785722859,0,-1,1.553856362374039,-3.8744686059448245e-05,0.00022577192319130036,0.09151777353461904
small_world_clustered,12,8.638051559740441,0.0007184177590787,0.1624327443055275,0.0025189492913949,1,29,5.763605526001394,0.0006723680801043146,0.22486178951216224,0.0020257471146397778,0.004556867073366154,0.37858687971235155,1,29,-2.874446033739048,-4.604967897438544e-05,-0.0004932021767551221,0.062429045206634726
small_world_clustered,13,17.184893085542303,0.0007078871652864,0.135747650158049,0.0035077123369149,1,29,8.526232063350381,0.0006838103357488103,0.22541299146031876,0.002487504545048895,0.004562229059552856,0.3704618474881369,1,29,-8.658661022191922,-2.4076829537589706e-05,-0.001020207791866005,0.08966534130226977
small_world_clustered,14,2.6557518913974394,0.0007162245951017,0.1379703568492324,0.0013649817894116,1,29,10.5997543929057,0.0006827838380364729,0.22861395237729185,0.002821794957191574,0.004551480188294647,0.316858961258215,1,29,7.94400250150826,-3.3440757065227164e-05,0.001456813167779974,0.09064359552805945
small_world_clustered,15,8.802586964487157,0.0007114525517808,0.1294176516877443,0.0026251463414948,1,29,5.021562970003165,0.0006801447423596734,0.22449532481277332,0.0019624755475350993,0.004562539957547279,0.39912959417446003,1,29,-3.7810239944839914,-3.1307809421126536e-05,-0.0006626707939597007,0.09507767312502902
small_world_clustered,16,5.122274832166556,0.0007172653068883,0.1648699115979077,0.0018623587596236,1,29,7.172259146811311,0.0006805629177509576,0.22654264472831698,0.0023524369850522007,0.00456566632426712,0.3807175771117785,1,29,2.049984314644755,-3.670238913734236e-05,0.0004900782254286006,0.061672733130409274
small_world_clustered,17,55.76203572454913,0.0007418343289359,0.141802609205077,0.0059935603881969,1,29,8.435880405363612,0.0006797045514912626,0.2270336003234065,0.002499189773629601,0.004566375177423521,0.344252468599053,1,29,-47.32615531918552,-6.212977744463738e-05,-0.003494370614567299,0.08523099111832949
small_world_clustered,18,5.824400775046231,0.0007123773036537,0.1485366241831467,0.0020742874182679,1,29,7.08753350080878,0.0006638539219550748,0.22200970259396585,0.00226875362136801,0.004572754375577162,0.35603522162338086,1,29,1.2631327257625484,-4.852338169862515e-05,0.00019446620310011,0.07347307841081915
small_world_clustered,19,8.341471234800899,0.0007130692830646,0.1427481231853015,0.002172411541572,1,29,7.434942849990712,0.0006744683735780243,0.22450700778982607,0.002245021981467214,0.004558590806246986,0.35976392006778257,1,29,-0.906528384810187,-3.860090948657564e-05,7.26104398952143e-05,0.08175888460452457
small_world_clustered,2,7.302411377975209,0.0007132967810369,0.1275285279136404,0.0024746651425805,1,29,5.866526872941015,0.0006752714791616545,0.22411559097393036,0.002116891210987681,0.004562818992833792,0.3746247830131844,1,323,-1.4358845050341937,-3.802530187524541e-05,-0.000357773931592819,0.09658706306028997
small_world_clustered,3,5.954174106363557,0.0007236340367,0.1275061972585802,0.0019472411531569,1,29,3.642604415640908,0.0006843808291168585,0.2286400514240754,0.0016928035205384113,0.004560956017045294,0.4403083620861043,1,29,-2.3115696907226493,-3.925320758314159e-05,-0.0002544376326184888,0.1011338541654952
small_world_clustered,4,19.78326434925145,0.0007234333574169,0.154906911227417,0.0038182308327255,1,29,19.517841182763355,0.0006877224961577232,0.22653334159868582,0.0037684756677668963,0.004564928287848601,0.3204798992408435,1,29,-0.2654231664880946,-3.571086125917682e-05,-4.9755164958603486e-05,0.07162643037126881
small_world_clustered,5,5.972540948251346,0.0007133135792619,0.1501817017407845,0.0020151735602585,1,29,4.093540703977107,0.0006765631791344925,0.22382583898010297,0.0016980273128076912,0.004568778328406467,0.4274681794179563,1,29,-1.8790002442742395,-3.675040012740744e-05,-0.0003171462474508089,0.07364413723931848
small_world_clustered,6,6.049933148542968,0.000712610835485,0.1418856654158926,0.0022255019165313,1,29,8.626022255096148,0.0006756878703016492,0.2228842479010419,0.002557464216532862,0.004563671575418694,0.3226803643666585,0,-1,2.5760891065531792,-3.6922965183350774e-05,0.0003319623000015621,0.0809985824851493
small_world_clustered,7,27.154261190488484,0.0007154641260481,0.131579431451938,0.0046166795557624,1,29,6.407817519523445,0.0006737483881928526,0.22789474289315897,0.0020289652080564425,0.004573331796626531,0.3882829440456201,1,29,-20.74644367096504,-4.171573785524739e-05,-0.0025877143477059574,0.09631531144122096
small_world_clustered,8,27.334763732999136,0.0007097081720021,0.1481802533028267,0.0045293002184264,1,29,6.177764661985401,0.0006729507403155466,0.22689326879129518,0.0021071434192445494,0.004558501894520454,0.3782511799515414,1,29,-21.156999071013736,-3.6757431686553475e-05,-0.002422156799181851,0.07871301548846849
small_world_clustered,9,9.56210062499041,0.0007275777434547,0.1558583985665787,0.0025282986653558,1,29,6.403506122914634,0.0006890593840550122,0.22736099039875868,0.00220078580504057,0.004562383848660541,0.40676194140529887,1,29,-3.1585945020757764,-3.8518359399687826e-05,-0.00032751286031522994,0.07150259183217997
