topology,seed,riskS_mean,belief_var_mean,gini_mean,abs_ret_mean,dP_mean,gate_mean,stable_hit,time_to_stability
random_fixed,0,11.058552874208756,0.0006671989148745119,0.22599375774035887,0.0028751644917840023,0.0045617457851237055,0.29376049517584224,1,29
random_fixed,1,7.703217478683398,0.0006717023274794249,0.22371101818134648,0.0023002061561168295,0.004565663300504441,0.36787818193571653,1,29
random_fixed,10,4.736989996054505,0.0006837861566990852,0.22557562613359405,0.0018768720322465474,0.004577446159297224,0.40731115219547626,1,29
random_fixed,11,3.8715939671794604,0.0006862875087595683,0.22856315026601182,0.0017511529691991007,0.004561818994589149,0.43336231823851196,1,29
random_fixed,12,14.417578696066322,0.0006687647752469613,0.2247980406419983,0.003161084209417252,0.0045674288473219185,0.40178799660436115,1,29
random_fixed,13,5.0086374286603625,0.0006878529705872641,0.2258649030872234,0.0018921003285798982,0.004562384312722223,0.39897496083708944,1,29
random_fixed,14,5.066393016648898,0.0006769586638155128,0.22833762446368944,0.0019640841443675154,0.004551257068694568,0.3979595360620229,1,29
random_fixed,15,5.735480322967089,0.0006752514479639275,0.22472714880887587,0.001971346344267235,0.0045603876695498105,0.39517755938476357,1,29
random_fixed,16,3.2132952899773644,0.0006689932114234651,0.22456922632522555,0.00155776718611707,0.004554432344659509,0.45309606940160374,1,29
random_fixed,17,5.112788028303529,0.0006741089623797371,0.22767895915468855,0.0019846567829438122,0.004575066319478879,0.3960694647935181,1,121
random_fixed,18,7.220810440944689,0.0006648997746263401,0.22591723320700463,0.002287065504450643,0.0045607115920766475,0.3614005663521398,1,29
random_fixed,19,3.453576536764816,0.0006785258254795684,0.22598909283738053,0.001626584147668986,0.004569924148216007,0.44600999313917705,1,29
random_fixed,2,29.07055909780174,0.0006776923110791487,0.22640435228057015,0.0049068208297327895,0.004557110827314314,0.2825071217182198,1,29
random_fixed,3,21.11632964666294,0.0006846259938922225,0.2306712115470101,0.0037792106922228588,0.004573436536936395,0.28627425404080636,1,29
random_fixed,4,6.5278011042237765,0.0006779401624269245,0.22600290575209606,0.0022451743346752514,0.004562112388538896,0.36335535051468154,1,29
random_fixed,5,5.16562813192908,0.0006727330292488428,0.22568136160049002,0.0020305624843879656,0.004563513892173283,0.39515827144933185,1,29
random_fixed,6,13.532649632686478,0.0006794306626515417,0.22350284331470413,0.0031717483962166258,0.004562927835320511,0.2670188564622875,0,-1
random_fixed,7,24.679833218779468,0.0006805588044815173,0.22836313029699212,0.004311532279227435,0.0045674909612551055,0.28673129022557853,1,29
random_fixed,8,5.363222181393407,0.0006683804658783896,0.23057511178719217,0.002108364586893929,0.004562255554994188,0.4078373906122147,1,29
random_fixed,9,3.604640609633792,0.0006832002905531334,0.22562439150648472,0.0015981850950501245,0.004576334010695977,0.4412981261114453,1,29
scale_free_extreme,0,8.288380788913187,0.0006620872508136141,0.22967406454775252,0.002434015401974857,0.0045652809710584,0.332636579405948,1,29
scale_free_extreme,1,7.115597905410668,0.0006665862241003775,0.23118334624805612,0.002346538701437841,0.004556933901870837,0.35443033033777654,1,29
scale_free_extreme,10,9.196416935334316,0.0006827981045430711,0.22995620517843218,0.00259601265269188,0.004572076831983514,0.32823397109224955,1,29
scale_free_extreme,11,32.23374675938446,0.0006786796447942034,0.2343646451525281,0.004911019707696012,0.00456115307054781,0.2844165848010915,1,29
scale_free_extreme,12,4.727748153853468,0.0006625681637784201,0.2298572651761136,0.0018064891739284416,0.004563867300623997,0.40921150522081023,1,29
scale_free_extreme,13,4.701427049514789,0.0006861670131286305,0.22861376055255722,0.0018044431494088095,0.0045692882081432564,0.4083095982065542,1,29
scale_free_extreme,14,5.716499394548485,0.000673811668785673,0.23465601147690987,0.0020657265852867825,0.0045660564995057195,0.38237427444854866,1,29
scale_free_extreme,15,11.630951230081774,0.0006779673646015039,0.2311766973349529,0.002946165378796845,0.004561891423456379,0.356407399896553,1,29
scale_free_extreme,16,5.250697501275916,0.0006716507784617392,0.2323245679300774,0.002087548224824364,0.004571834264260708,0.41181995272873,1,29
scale_free_extreme,17,7.666204117038985,0.0006766995633548373,0.23473505699263206,0.0024495263094964524,0.004560335394702743,0.33842540494600937,1,29
scale_free_extreme,18,4.281568846908977,0.0006654879553736913,0.2292737067267938,0.0017261758820993288,0.0045531568204834685,0.42089662762915714,1,29
scale_free_extreme,19,5.213983893193947,0.0006781594621930091,0.23322104290504556,0.0019306441168351035,0.0045633390947744205,0.39301151808477486,1,29
scale_free_extreme,2,6.839387707545564,0.0006806674477427153,0.2330736179994209,0.002200432537998887,0.004566583876951379,0.35699350249442546,1,29
scale_free_extreme,3,5.002737018625288,0.0006852860347848376,0.23325027003791063,0.0018580395784057926,0.004562274473510346,0.39929854079969096,1,29
scale_free_extreme,4,3.889852330122503,0.0006716171366817644,0.23121520887229663,0.0017008353192195472,0.004569070596240067,0.43285639139371007,1,29
scale_free_extreme,5,5.21627232207997,0.0006683110572944295,0.23290189704947245,0.002021399351533714,0.004575203622256476,0.4006917476113632,1,176
scale_free_extreme,6,42.29613616722087,0.0006702979682928068,0.22671873687487662,0.005330324019290091,0.004565019587462411,0.29008778638561283,1,29
scale_free_extreme,7,3.433791498378876,0.000676208376117228,0.2350216337401525,0.0016130210585823485,0.0045668917523681305,0.4467482729330463,1,29
scale_free_extreme,8,4.882855616766495,0.0006650929204228218,0.23172776908422152,0.0019512065867384725,0.004573104459717665,0.4029771147477453,1,29
scale_free_extreme,9,5.820705624226084,0.0006766265755153994,0.23089818204645587,0.0021399790055876035,0.004562489998611477,0.37780588479005656,1,29
small_world_clustered,0,4.486240299695614,0.0006883373612999494,0.22702857034449955,0.0018475310437139,0.004550876439193479,0.4160410137176438,1,29
small_world_clustered,1,5.114727701595396,0.0006734904605170335,0.22333210543025678,0.0020436206884420324,0.004567099305825464,0.39629230019259054,1,29
small_world_clustered,10,22.025537715267696,0.0006847500897537732,0.22524065660678752,0.0037843589451851335,0.004561026167147052,0.28999882882044054,1,29
small_world_clustered,11,8.048531144055465,0.0006832898005342517,0.22795415265568983,0.0024441479426416004,0.004556231763041903,0.3303606785722859,0,-1
small_world_clustered,12,5.763605526001394,0.0006723680801043146,0.22486178951216224,0.0020257471146397778,0.004556867073366154,0.37858687971235155,1,29
small_world_clustered,13,8.526232063350381,0.0006838103357488103,0.22541299146031876,0.002487504545048895,0.004562229059552856,0.3704618474881369,1,29
small_world_clustered,14,10.5997543929057,0.0006827838380364729,0.22861395237729185,0.002821794957191574,0.004551480188294647,0.316858961258215,1,29
small_world_clustered,15,5.021562970003165,0.0006801447423596734,0.22449532481277332,0.0019624755475350993,0.004562539957547279,0.39912959417446003,1,29
small_world_clustered,16,7.172259146811311,0.0006805629177509576,0.22654264472831698,0.0023524369850522007,0.00456566632426712,0.3807175771117785,1,29
small_world_clustered,17,8.435880405363612,0.0006797045514912626,0.2270336003234065,0.002499189773629601,0.004566375177423521,0.344252468599053,1,29
small_world_clustered,18,7.08753350080878,0.0006638539219550748,0.22200970259396585,0.00226875362136801,0.004572754375577162,0.35603522162338086,1,29
small_world_clustered,19,7.434942849990712,0.0006744683735780243,0.22450700778982607,0.002245021981467214,0.004558590806246986,0.35976392006778257,1,29
small_world_clustered,2,5.866526872941015,0.0006752714791616545,0.22411559097393036,0.002116891210987681,0.004562818992833792,0.3746247830131844,1,323
small_world_clustered,3,3.642604415640908,0.0006843808291168585,0.2286400514240754,0.0016928035205384113,0.004560956017045294,0.4403083620861043,1,29
small_world_clustered,4,19.517841182763355,0.0006877224961577232,0.22653334159868582,0.0037684756677668963,0.004564928287848601,0.3204798992408435,1,29
small_world_clustered,5,4.093540703977107,0.0006765631791344925,0.22382583898010297,0.0016980273128076912,0.004568778328406467,0.4274681794179563,1,29
small_world_clustered,6,8.626022255096148,0.0006756878703016492,0.2228842479010419,0.002557464216532862,0.004563671575418694,0.3226803643666585,0,-1
small_world_clustered,7,6.407817519523445,0.0006737483881928526,0.22789474289315897,0.0020289652080564425,0.004573331796626531,0.3882829440456201,1,29
small_world_clustered,8,6.177764661985401,0.0006729507403155466,0.22689326879129518,0.0021071434192445494,0.004558501894520454,0.3782511799515414,1,29
small_world_clustered,9,6.403506122914634,0.0006890593840550122,0.22736099039875868,0.00220078580504057,0.004562383848660541,0.40676194140529887,1,29
